How to express a formal opinion in writing	Ich bin der Ansicht, dass... (I am of the opinion that...)
How to state your position diplomatically	Meines Erachtens sollte man... (In my view, one should...)
How to give a well-reasoned opinion	Aus meiner Sicht ist es wichtig zu betonen, dass... (From my perspective, it is important to emphasize that...)
How to politely agree with someone	Ich schließe mich dieser Meinung an. (I share this opinion.)
How to fully agree with an argument	Da stimme ich Ihnen vollkommen zu. (I completely agree with you.)
How to partially disagree diplomatically	Ich würde Ihnen in Teilen zustimmen, allerdings... (I would partially agree, however...)
How to disagree politely	Ich verstehe Ihren Standpunkt, doch ich bin anderer Meinung. (I understand your point, but I have a different opinion.)
How to express reservation about an idea	Mir scheint es jedoch fraglich, ob... (However, it seems questionable to me whether...)
How to introduce an academic topic	In der vorliegenden Arbeit wird untersucht, ... (This paper examines...)
How to state a research objective	Das Ziel dieser Studie ist es, ... (The aim of this study is to...)
How to present a thesis statement	Es lässt sich argumentieren, dass... (It can be argued that...)
How to conclude an essay or paper	Zusammenfassend lässt sich festhalten, dass... (In summary, it can be concluded that...)
How to end a discussion formally	Abschließend möchte ich betonen, dass... (In conclusion, I would like to emphasize that...)
How to introduce yourself in an interview	Ich freue mich über die Gelegenheit, mich Ihnen vorzustellen. (I appreciate the opportunity to introduce myself.)
How to describe your experience	Meine bisherige Erfahrung hat mich gelehrt, dass... (My experience has taught me that...)
How to express motivation for a job	Ich bringe eine starke Begeisterung für diese Tätigkeit mit. (I bring a strong enthusiasm for this role.)
How to respond to a challenging question	Das ist eine sehr berechtigte Frage. Meiner Meinung nach... (That is a very valid question. In my opinion...)
How to open a business meeting formally	Willkommen zur heutigen Besprechung. Das heutige Thema ist... (Welcome to today's meeting. The topic is...)
How to introduce an agenda item	Lassen Sie uns nun zum nächsten Punkt übergehen. (Let us now move on to the next item.)
How to ask for input from colleagues	Was sind Ihre Gedanken dazu? (What are your thoughts on this?)
How to summarize a meeting point	Zusammenfassend lässt sich sagen, dass wir uns darauf geeinigt haben, ... (In summary, we have agreed on...)
How to propose a compromise	Ich möchte einen Kompromiss vorschlagen: ... (I would like to suggest a compromise:...)
How to state your negotiation position	Aufgrund der aktuellen Marktlage schlage ich folgendes vor: (Given the current market situation, I propose the following:)
How to negotiate a price	Für dieses Angebot könnten wir uns auf einen Preis von ... einigen. (For this offer, we could agree on a price of...)
How to counter an offer formally	Ich verstehe Ihren Standpunkt, jedoch könnte ich Ihnen folgendes Angebot unterbreiten: (I understand your point, however I could make you the following offer:)
How to introduce a new slide or topic	Lassen Sie mich nun zum nächsten Thema übergehen. (Let me now move on to the next topic.)
How to highlight key findings	Das wichtigste Ergebnis ist, dass... (The key finding is that...)
How to open a formal email formally	Sehr geehrte Damen und Herren, ich wende mich an Sie bezüglich... (Dear Sir or Madam, I am writing to you regarding...)
How to close a formal email professionally	Ich freue mich auf Ihre Rückmeldung und stehe für Rückfragen zur Verfügung. (I look forward to your response and am available for any questions.)
How to show cause and effect	Aus diesem Grund ist es notwendig, dass... (For this reason, it is necessary that...)